trade_date,adv,dec,unchg,new_high_252,new_low_252,pct_above_ma_200
2023-01-02,0,0,0,30206,30714,0.4928790199081164
2023-01-03,25915,25420,13965,268,321,0.004787153461596728
2023-01-04,26272,25716,14022,0,0,0.0
2023-01-05,25465,26574,13970,0,0,0.0
2023-01-06,26064,25975,13971,0,0,0.0
2023-01-09,27407,24633,13970,0,0,0.0
2023-01-10,26840,25208,13961,0,0,0.0
2023-01-11,28824,23230,13956,0,1,0.0
2023-01-12,27438,24614,13958,0,0,0.0
2023-01-13,26265,25805,13940,0,0,0.0
2023-01-16,26826,24533,13941,0,0,0.0
2023-01-17,26541,25549,13919,0,0,0.0
2023-01-18,25091,26989,13929,0,0,0.0
2023-01-19,27818,24295,13896,0,0,0.0
2023-01-20,27070,25013,13925,0,0,0.0
2023-01-23,25250,26830,13929,0,0,0.0
2023-01-24,28121,23947,13940,0,0,0.0
2023-01-25,27387,24733,13889,0,0,0.0
2023-01-26,26187,25923,13898,0,0,0.0
2023-01-27,26921,25204,13883,0,0,0.0
2023-01-30,23967,26127,15914,0,0,0.0
2023-01-31,23820,26310,15879,0,0,0.0
2023-02-01,24713,25377,15919,0,0,0.0
2023-02-02,25656,24515,15838,0,0,0.0
2023-02-03,26364,23810,15834,0,0,0.0
2023-02-06,25597,24554,15857,0,0,0.0
2023-02-07,24477,25683,15849,0,0,0.0
2023-02-08,24264,25896,15849,0,0,0.0
2023-02-09,24758,25395,15855,0,0,0.0
2023-02-10,26227,23963,15818,0,0,0.0
2023-02-13,25762,24380,15866,0,0,0.0
2023-02-14,26562,23572,15874,0,0,0.0
2023-02-15,25936,24179,15894,0,0,0.0
2023-02-16,26427,23774,15808,0,0,0.0
2023-02-17,24991,25225,15793,0,0,0.0
2023-02-20,22472,27037,15791,0,0,0.0
2023-02-21,26592,23623,15794,0,0,0.0
2023-02-22,26513,23729,15767,0,0,0.0
2023-02-23,23821,26438,15750,0,0,0.0
2023-02-24,25786,24444,15779,0,0,0.0
2023-02-27,25427,24085,16497,0,0,0.0
2023-02-28,24302,25300,16407,0,0,0.0
2023-03-01,25859,23689,16461,0,0,0.0
2023-03-02,22703,26795,16487,0,0,0.0
2023-03-03,22646,26965,16398,0,0,0.0
2023-03-06,27200,22340,16469,0,0,0.0
2023-03-07,26363,23257,16389,0,0,0.0
2023-03-08,25153,24452,16404,0,0,0.0
2023-03-09,24381,25222,16406,0,0,0.0
2023-03-10,26033,23603,16372,0,0,0.0
2023-03-13,25374,24205,16429,0,0,0.0
2023-03-14,24834,24797,16376,0,0,0.0
2023-03-15,25965,23667,16374,0,0,0.0
2023-03-16,24878,24748,16381,0,0,0.0
2023-03-17,25155,24499,16353,0,0,0.0
2023-03-20,24885,24719,16403,0,0,0.0
2023-03-21,23411,26245,16351,0,0,0.0
2023-03-22,24804,24853,16350,0,0,0.0
2023-03-23,27829,21810,16368,0,0,0.0
2023-03-24,22707,26907,16393,0,0,0.0
2023-03-27,25244,25484,15278,0,0,0.0
2023-03-28,25571,25191,15246,0,0,0.0
2023-03-29,27115,23607,15286,0,0,0.0
2023-03-30,26453,24284,15271,0,0,0.0
2023-03-31,27837,22900,15270,0,0,0.0
2023-04-03,27248,23562,15197,0,0,0.0
2023-04-04,25077,25687,15244,0,0,0.0
2023-04-05,25591,25171,15246,0,0,0.0
2023-04-06,27382,23322,15293,0,0,0.0
2023-04-07,25707,24338,15255,0,0,0.0
2023-04-10,26377,24419,15212,0,0,0.0
2023-04-11,24389,26412,15207,0,0,0.0
2023-04-12,25039,25816,15153,0,0,0.0
2023-04-13,27007,23834,15167,0,0,0.0
2023-04-14,27783,23010,15214,0,0,0.0
2023-04-17,26498,24359,15150,0,0,0.0
2023-04-18,27868,22915,15224,0,0,0.0
2023-04-19,26315,24487,15205,0,0,0.0
2023-04-20,26412,24470,15126,0,0,0.0
2023-04-21,26190,24690,15128,0,0,0.0
2023-04-24,25365,25194,15448,0,0,0.0
2023-04-25,25903,24549,15556,0,0,0.0
2023-04-26,26150,24315,15543,0,0,0.0
2023-04-27,25375,25124,15509,0,0,0.0
2023-04-28,25116,25401,15490,0,0,0.0
2023-05-01,25624,24896,15488,0,0,0.0
2023-05-02,26145,24374,15489,0,0,0.0
2023-05-03,26523,24010,15474,0,0,0.0
2023-05-04,26579,23947,15482,0,1,0.0
2023-05-05,27583,22953,15472,0,0,0.0
2023-05-08,25754,24772,15482,0,0,0.0
2023-05-09,26426,24074,15509,0,0,0.0
2023-05-10,27020,23493,15496,0,0,0.0
2023-05-11,27885,22649,15475,0,0,0.0
2023-05-12,25512,25016,15481,0,0,0.0
2023-05-15,24159,26393,15457,1,0,1.5149219815179519e-05
2023-05-16,25168,25402,15440,0,0,0.0
2023-05-17,25463,25121,15426,0,0,0.0
2023-05-18,23540,26989,15481,0,0,0.0
2023-05-19,24843,25769,15398,0,0,0.0
2023-05-22,26967,23696,15347,0,0,0.0
2023-05-23,24224,26438,15347,0,0,0.0
2023-05-24,24472,26166,15371,0,0,0.0
2023-05-25,26374,24310,15325,0,0,0.0
2023-05-26,26552,24039,15418,0,0,0.0
2023-05-29,25704,24226,15370,0,0,0.0
2023-05-30,27997,22661,15351,0,0,0.0
2023-05-31,25695,25029,15285,0,0,0.0
2023-06-01,26268,24458,15283,0,0,0.0
2023-06-02,27984,22738,15287,0,0,0.0
2023-06-05,25202,25496,15311,0,0,0.0
2023-06-06,25513,25197,15299,0,0,0.0
2023-06-07,26722,23948,15339,0,0,0.0
2023-06-08,26462,24209,15338,0,0,0.0
2023-06-09,26824,23847,15338,0,0,0.0
2023-06-12,23155,27603,15251,0,0,0.0
2023-06-13,26499,24185,15325,0,0,0.0
2023-06-14,26647,24046,15316,0,0,0.0
2023-06-15,26087,24550,15372,0,0,0.0
2023-06-16,26929,23776,15303,0,1,0.0
2023-06-19,27255,23961,14084,0,0,0.0
2023-06-20,22547,29422,14041,0,0,0.0
2023-06-21,26649,25362,13999,0,0,0.0
2023-06-22,27441,24572,13997,0,0,0.0
2023-06-23,27853,24141,14016,0,0,0.0
2023-06-26,27470,24537,14003,0,0,0.0
2023-06-27,26169,25837,14004,0,0,0.0
2023-06-28,29247,22736,14027,0,1,0.0
2023-06-29,25230,26743,14038,0,0,0.0
2023-06-30,26169,25820,14022,0,0,0.0
2023-07-03,26381,25614,14015,0,0,0.0
2023-07-04,25922,25374,14004,0,0,0.0
2023-07-05,26027,25971,14013,0,0,0.0
2023-07-06,27663,24385,13962,0,0,0.0
2023-07-07,24929,27067,14015,0,0,0.0
2023-07-10,27215,24777,14019,0,0,0.0
2023-07-11,28186,23849,13976,0,0,0.0
2023-07-12,27216,24779,14016,0,0,0.0
2023-07-13,26645,25413,13953,0,0,0.0
2023-07-14,28159,23962,13890,0,0,0.0
2023-07-17,26975,24308,14728,0,0,0.0
2023-07-18,26190,25007,14814,0,0,0.0
2023-07-19,25049,26149,14812,0,0,0.0
2023-07-20,25713,25502,14794,0,0,0.0
2023-07-21,26303,24914,14793,0,0,0.0
2023-07-24,25761,25492,14756,0,0,0.0
2023-07-25,26902,24332,14776,0,0,0.0
2023-07-26,27402,23855,14753,0,0,0.0
2023-07-27,25195,26083,14732,0,0,0.0
2023-07-28,27603,23688,14719,0,0,0.0
2023-07-31,26380,24860,14769,0,0,0.0
2023-08-01,26851,24383,14775,0,0,0.0
2023-08-02,26204,25081,14725,0,0,0.0
2023-08-03,23724,27612,14674,0,0,0.0
2023-08-04,25978,25309,14723,0,0,0.0
2023-08-07,28524,22726,14760,0,0,0.0
2023-08-08,26203,25083,14723,0,0,0.0
2023-08-09,28035,23255,14719,0,0,0.0
2023-08-10,27039,24252,14718,0,0,0.0
2023-08-11,28132,23197,14680,0,0,0.0
2023-08-14,25759,25675,14575,0,0,0.0
2023-08-15,27357,24024,14629,0,0,0.0
2023-08-16,27229,24146,14635,0,0,0.0
2023-08-17,27690,23734,14586,0,0,0.0
2023-08-18,26593,24805,14611,0,0,0.0
2023-08-21,24901,26603,14505,0,0,0.0
2023-08-22,24295,27159,14554,0,0,0.0
2023-08-23,26177,25230,14602,0,0,0.0
2023-08-24,27316,24096,14596,0,0,0.0
2023-08-25,27203,24287,14518,0,0,0.0
2023-08-28,27487,24014,14507,0,0,0.0
2023-08-29,27322,24123,14562,0,0,0.0
2023-08-30,27542,23851,14615,0,0,0.0
2023-08-31,25301,26181,14526,0,0,0.0
2023-09-01,26702,24738,14568,0,0,0.0
2023-09-04,26541,24275,14484,0,0,0.0
2023-09-05,26994,24477,14537,0,0,0.0
2023-09-06,26965,24564,14479,0,0,0.0
2023-09-07,23987,27511,14510,0,0,0.0
2023-09-08,28051,23399,14558,0,0,0.0
2023-09-11,24649,24435,16924,0,0,0.0
2023-09-12,23851,25293,16864,0,0,0.0
2023-09-13,25596,23515,16897,0,0,0.0
2023-09-14,26205,22892,16911,0,0,0.0
2023-09-15,24403,24742,16863,0,0,0.0
2023-09-18,24169,24988,16851,0,0,0.0
2023-09-19,26394,22766,16847,0,0,0.0
2023-09-20,24866,24328,16813,0,0,0.0
2023-09-21,24648,24513,16847,0,0,0.0
2023-09-22,23587,25616,16805,0,0,0.0
2023-09-25,26347,22808,16853,0,0,0.0
2023-09-26,25779,23401,16828,0,0,0.0
2023-09-27,25680,23468,16860,0,2,0.0
2023-09-28,23884,25364,16761,0,0,0.0
2023-09-29,25428,23769,16813,0,0,0.0
2023-10-02,25700,23594,16716,0,0,0.0
2023-10-03,24723,24487,16800,0,0,0.0
2023-10-04,25820,23401,16789,0,0,0.0
2023-10-05,25427,23748,16834,0,0,0.0
2023-10-06,25363,23854,16793,0,0,0.0
2023-10-09,26141,24200,15669,0,0,0.5371610362066354
2023-10-10,26317,24065,15628,0,0,0.5342826844417512
2023-10-11,28370,21914,15726,0,0,0.5352673837297379
2023-10-12,26354,24000,15656,0,0,0.5380093925162854
2023-10-13,25106,25188,15716,0,0,0.5335252234509923
2023-10-16,26880,23390,15739,0,0,0.5367752882182732
2023-10-17,25600,24696,15713,0,0,0.5347604114590435
2023-10-18,25008,25286,15715,0,0,0.5351542971412989
2023-10-19,25145,25208,15656,0,0,0.5395930857913315
2023-10-20,28310,22105,15594,0,0,0.5447438985592874
2023-10-23,25212,25079,15718,0,0,0.5451529336908604
2023-10-24,26583,23798,15628,0,0,0.547516247784393
2023-10-25,25012,25360,15637,0,0,0.5475768455816631
2023-10-26,23304,27074,15631,0,0,0.5434561953672984
2023-10-27,26739,23637,15633,0,0,0.545728612764926
2023-10-30,24894,25494,15621,0,0,0.5442591161811268
2023-10-31,24215,26180,15614,0,0,0.5406232483449227
2023-11-01,25215,25251,15543,0,0,0.5373661167416565
2023-11-02,26894,23454,15660,0,0,0.538601381650709
2023-11-03,24000,26407,15601,0,0,0.5345109683674706
2023-11-06,27501,23845,14661,0,0,0.5387913403123911
2023-11-07,26901,24450,14657,0,0,0.540025451460429
2023-11-08,24606,26809,14592,0,0,0.5341403184510733
2023-11-09,26190,25206,14612,0,0,0.5342534238274148
2023-11-10,26658,24694,14656,0,0,0.5312234880620531
2023-11-13,25380,25981,14648,0,0,0.531260888666697
2023-11-14,27665,23728,14615,0,0,0.5351088487933464
2023-11-15,28062,23323,14623,0,0,0.5367601387689558
2023-11-16,26000,25398,14610,0,0,0.5358208729112697
2023-11-17,27933,23478,14597,0,0,0.5388740758695916
2023-11-20,26659,24715,14634,0,0,0.5387983274754575
2023-11-21,25398,26077,14533,0,0,0.5386165313295358
2023-11-22,24205,27172,14631,0,0,0.5347836625863531
2023-11-23,27866,22839,14595,0,0,0.537656967840735
2023-11-24,26533,24850,14625,0,0,0.5375863531693128
2023-11-27,28899,22501,14608,0,0,0.5407829354017695
2023-11-28,27290,24081,14637,0,0,0.5434038298388074
2023-11-29,24386,27016,14606,0,0,0.5380408435341171
2023-11-30,25923,25443,14642,0,0,0.5360865349654588
2023-12-01,26928,24504,14576,0,0,0.5347079141922191
2023-12-04,26314,24581,15113,0,0,0.537328808629257
2023-12-05,26112,24734,15162,0,0,0.5372227608774695
2023-12-06,26335,24468,15205,0,0,0.5351018058417162
2023-12-07,27152,23738,15118,0,0,0.5381923403223852
2023-12-08,25065,25732,15211,0,0,0.5379347957823294
2023-12-11,25276,25613,15119,0,0,0.5354956974912132
2023-12-12,24823,26046,15139,0,0,0.5335413889225549
2023-12-13,28987,21849,15172,0,0,0.5368288692279723
2023-12-14,25280,25572,15156,0,0,0.5373439583080839
2023-12-15,25097,25706,15205,0,0,0.53551084717004
2023-12-18,26903,23936,15169,0,0,0.5374500060598715
2023-12-19,25933,24978,15097,0,0,0.5386922797236698
2023-12-20,27028,23869,15111,2539,963,0.5395103623803176
2023-12-21,26654,24202,15152,2555,1034,0.5390255726578597
2023-12-22,27085,23834,15089,2849,1200,0.5421009574597019
2023-12-25,25055,25128,15117,2582,1217,0.5385451761102603
2023-12-26,25053,25859,15096,2306,1061,0.5385104835777481
2023-12-27,27828,23111,15069,2692,987,0.5397376075627197
2023-12-28,24706,26184,15118,2349,1146,0.5374500060598715
2023-12-29,25522,25385,15101,2363,1123,0.5349806084111017
2024-01-01,26496,24454,14350,2985,1353,0.5391271056661562
2024-01-02,27806,23845,14357,3132,1179,0.5437219730941704
2024-01-03,26756,24901,14351,3474,1364,0.5433432311235001
2024-01-04,26728,24967,14312,3094,1185,0.5408668777553896
2024-01-05,28308,23378,14320,3457,1411,0.544692906705451
2024-01-08,26333,25375,14298,3339,1480,0.5451928612550374
2024-01-09,22488,29220,14298,2570,1460,0.5385874011453504
2024-01-10,27617,24055,14334,2939,1445,0.5384813501802866
2024-01-11,25504,26214,14288,2884,1431,0.537072387358725
2024-01-12,27067,24643,14296,2571,1118,0.5399509135533134
2024-01-15,27412,23508,14380,2695,995,0.5424196018376722
2024-01-16,27491,24196,14319,2935,991,0.5444656546374572
2024-01-17,27247,24520,14239,2801,787,0.5448292579462473
2024-01-18,28388,23252,14366,2938,792,0.5483743902069509
2024-01-19,27790,23906,14310,2935,809,0.551177165712208
2024-01-22,26042,25653,14311,2898,881,0.5497076023391813
2024-01-23,26933,24797,14276,2881,1009,0.5501166560615701
2024-01-24,27762,23945,14299,3097,992,0.5519346726055208
2024-01-25,26652,25045,14310,3152,1240,0.5513960640538125
2024-01-26,26968,24743,14295,2985,1424,0.5516468199860619
2024-01-29,24730,27169,14107,2926,1383,0.5496470017877163
2024-01-30,24378,27521,14107,2765,1467,0.5444656546374572
2024-01-31,26816,25069,14121,2880,1214,0.544450504499591
2024-02-01,26297,25567,14142,3146,1423,0.5459958185619489
2024-02-02,25960,25954,14092,2740,1319,0.5435263460897494
2024-02-05,27617,24283,14106,2771,1233,0.5438747992606733
2024-02-06,26119,25705,14182,2676,1512,0.541238675271945
2024-02-07,27559,24389,14058,3265,1467,0.542844589885768
2024-02-08,27189,24769,14048,3393,1554,0.5419658818895252
2024-02-09,26444,25481,14081,3025,1633,0.5423597854740478
2024-02-12,25507,26388,14111,2674,1773,0.5414356270642063
2024-02-13,25514,26400,14092,2514,1478,0.5374965912189801
2024-02-14,28022,23913,14071,2914,1169,0.5396327606581219
2024-02-15,27167,24778,14061,2662,1236,0.5423294851983153
2024-02-16,27149,24813,14044,2732,1240,0.5439808502257371
2024-02-19,28298,22982,14020,2938,1064,0.5464624808575804
2024-02-20,28171,23810,14025,2840,921,0.5491621973759961
2024-02-21,26770,25235,14001,2901,972,0.5505105596460927
2024-02-22,25038,26896,14072,2871,1165,0.5465412235251341
2024-02-23,27488,24476,14042,2610,1221,0.5472532800048481
2024-02-26,254,447,5,76,9,0.660056657223796
2024-02-27,442,258,6,77,5,0.6798866855524079
2024-02-28,344,359,3,79,7,0.6770538243626062
2024-02-29,441,259,6,86,9,0.6926345609065155
2024-03-01,433,269,4,124,5,0.6940509915014165
2024-03-04,392,310,4,114,12,0.7110481586402266
2024-03-05,273,423,10,46,7,0.6926345609065155
2024-03-06,499,203,4,75,5,0.7053824362606232
2024-03-07,495,205,6,105,3,0.7181303116147308
2024-03-08,350,350,6,48,3,0.7280453257790368
2024-03-11,388,314,4,35,1,0.7535410764872521
2024-03-12,389,311,6,72,6,0.7393767705382436
2024-03-13,381,319,6,79,4,0.7450424929178471
2024-03-14,166,536,4,33,7,0.7195467422096318
2024-03-15,332,369,5,39,5,0.7181303116147308
2024-03-18,405,298,3,50,8,0.7096317280453258
2024-03-19,518,181,7,79,8,0.7351274787535411
2024-03-20,531,169,6,126,8,0.7436260623229461
2024-03-21,517,180,9,157,7,0.7464589235127479
2024-03-22,169,530,7,44,7,0.7351274787535411
2024-03-25,290,408,8,37,7,0.726628895184136
2024-03-26,304,392,10,38,7,0.7213578500707214
2024-03-27,603,103,1,117,9,0.7584745762711864
2024-03-28,495,211,2,113,5,0.769774011299435
2024-04-01,204,500,4,41,5,0.7556497175141242
2024-04-02,167,536,5,32,8,0.7415254237288136
2024-04-03,396,307,5,59,8,0.7274011299435028
2024-04-04,131,572,5,10,7,0.7274011299435028
2024-04-05,481,223,4,49,7,0.7217514124293786
2024-04-08,394,309,5,22,7,0.7245762711864406
2024-04-09,445,258,5,19,2,0.7457627118644068
2024-04-10,136,571,1,10,11,0.7033898305084746
2024-04-11,329,375,4,17,6,0.6949152542372882
2024-04-12,76,629,3,2,20,0.6694915254237288
2024-04-15,120,582,6,0,21,0.652542372881356
2024-04-16,221,482,5,1,18,0.6299435028248588
2024-04-17,270,434,4,0,15,0.6426553672316384
2024-04-18,365,334,9,2,12,0.6384180790960452
2024-04-19,457,247,4,7,5,0.6497175141242938
2024-04-22,562,139,7,8,7,0.6751412429378532
2024-04-23,542,157,9,15,3,0.6949152542372882
2024-04-24,378,326,4,22,4,0.6864406779661016
2024-04-25,267,438,3,20,10,0.6807909604519774
2024-04-26,389,309,10,23,8,0.6694915254237288
2024-04-29,497,207,4,26,5,0.6949152542372882
2024-04-30,89,614,5,9,15,0.6483050847457628
2024-05-01,337,363,8,9,11,0.6483050847457628
2024-05-02,516,189,3,25,13,0.6624293785310734
2024-05-03,515,189,3,32,7,0.6789250353606789
2024-05-06,538,163,6,52,5,0.6944837340876945
2024-05-07,421,277,9,44,3,0.7015558698727016
2024-05-08,338,362,7,46,7,0.693069306930693
2024-05-09,549,156,2,68,7,0.71004243281471
2024-05-10,373,325,9,61,8,0.7199434229137199
2024-05-13,338,360,9,24,1,0.7241867043847242
2024-05-14,461,239,7,54,1,0.7425742574257426
2024-05-15,476,224,7,105,5,0.7496463932107497
2024-05-16,292,404,11,39,3,0.7454031117397454
2024-05-17,376,324,7,64,12,0.7397454031117398
2024-05-20,313,386,8,57,10,0.7298444130127298
2024-05-21,330,370,7,80,16,0.727015558698727
2024-05-22,241,463,3,38,10,0.7128712871287128
2024-05-23,99,605,3,15,22,0.6661951909476662
2024-05-24,486,216,5,45,12,0.6704384724186704
2024-05-28,221,480,6,28,19,0.6534653465346535
2024-05-29,112,592,3,9,27,0.6082036775106082
2024-05-30,496,205,6,18,9,0.628005657708628
2024-05-31,570,135,2,32,3,0.6619519094766619
2024-06-03,268,433,6,25,7,0.652050919377652
2024-06-04,278,428,1,28,9,0.6506364922206507
2024-06-05,446,257,4,37,11,0.6463932107496464
2024-06-06,278,422,7,19,6,0.635077793493635
2024-06-07,233,468,6,9,12,0.620933521923621
2024-06-10,392,309,4,36,9,0.6170212765957447
2024-06-11,255,444,6,29,18,0.6141843971631206
2024-06-12,429,270,6,49,14,0.6184397163120567
2024-06-13,230,469,6,30,28,0.6184397163120567
2024-06-14,176,525,4,16,28,0.5900709219858156
2024-06-17,491,210,4,54,18,0.601418439716312
2024-06-18,406,289,10,60,24,0.6028368794326241
2024-06-20,396,306,3,20,10,0.6198581560283688
2024-06-21,397,298,10,21,9,0.6198581560283688
2024-06-24,479,221,5,37,10,0.6425531914893617
2024-06-25,181,519,5,20,17,0.6184397163120567
2024-06-26,259,439,7,10,15,0.6042553191489362
2024-06-27,394,305,6,17,10,0.6170212765957447
2024-06-28,390,313,1,18,8,0.6150568181818182
2024-07-01,186,514,4,16,20,0.59375
2024-07-02,458,240,6,23,12,0.6008522727272727
2024-07-03,367,331,6,24,11,0.6051136363636364
2024-07-05,301,397,6,30,13,0.5894886363636364
2024-07-08,403,294,7,22,15,0.5866477272727273
2024-07-09,268,424,12,32,29,0.5795454545454546
2024-07-10,540,161,3,49,15,0.59375
2024-07-11,569,135,0,55,3,0.6335227272727273
2024-07-12,534,166,4,68,2,0.6590909090909091
2024-07-15,422,281,1,79,7,0.6704545454545454
2024-07-16,610,92,2,138,4,0.71875
2024-07-17,333,367,4,81,5,0.7301136363636364
2024-07-18,164,535,5,22,4,0.7045454545454546
2024-07-19,211,491,2,16,7,0.6747159090909091
2024-07-22,533,165,6,54,0,0.6988636363636364
2024-07-23,282,417,5,39,4,0.6704545454545454
2024-07-24,212,485,7,17,13,0.6661931818181818
2024-07-25,425,276,3,39,15,0.6818181818181818
2024-07-26,596,104,4,63,3,0.7144886363636364
2024-07-29,372,325,7,55,1,0.71875
2024-07-30,455,243,6,97,4,0.7329545454545454
2024-07-31,402,300,2,57,3,0.7357954545454546
2024-08-01,216,486,2,58,10,0.7002840909090909
2024-08-02,172,532,0,55,25,0.6576704545454546
2024-08-05,62,642,0,18,46,0.5696022727272727
2024-08-06,532,168,4,21,22,0.59375
2024-08-07,215,484,5,17,32,0.5738636363636364
2024-08-08,624,77,3,33,6,0.6321022727272727
2024-08-09,391,310,3,28,13,0.6306818181818182
2024-08-12,216,483,5,15,21,0.6150568181818182
2024-08-13,575,124,5,32,2,0.6434659090909091
2024-08-14,387,307,10,50,8,0.6434659090909091
2024-08-15,586,115,3,50,1,0.6661931818181818
2024-08-16,415,276,13,53,2,0.6661931818181818
2024-08-19,551,149,4,82,2,0.6789772727272727
2024-08-20,221,478,5,52,3,0.6661931818181818
2024-08-21,556,145,3,88,3,0.6917613636363636
2024-08-22,269,428,7,69,3,0.6846590909090909
2024-08-23,604,99,1,115,0,0.703125
2024-08-26,356,345,3,87,0,0.7088068181818182
2024-08-27,318,383,3,83,2,0.6988636363636364
2024-08-28,278,415,11,59,5,0.6931818181818182
2024-08-29,452,248,4,80,6,0.6988636363636364
2024-08-30,542,150,12,140,4,0.7116477272727273
2024-09-03,185,515,4,71,17,0.6846590909090909
2024-09-04,335,366,3,79,19,0.6789772727272727
2024-09-05,192,504,7,20,18,0.6671408250355618
2024-09-06,123,576,5,13,26,0.6178977272727273
2024-09-09,517,183,3,50,16,0.6372688477951636
2024-09-10,347,346,10,57,27,0.6230440967283073
2024-09-11,347,351,5,32,13,0.631578947368421
2024-09-12,519,181,3,48,7,0.6415362731152204
2024-09-13,577,123,3,76,7,0.6785206258890469
2024-09-16,517,181,5,100,3,0.6870554765291608
2024-09-17,411,284,8,63,3,0.6970128022759602
2024-09-18,304,392,7,35,3,0.6941678520625889
2024-09-19,505,193,5,92,5,0.716927453769559
2024-09-20,237,456,10,58,3,0.6856330014224751
2024-09-23,450,242,10,81,3,0.698005698005698
2024-09-24,358,338,6,72,5,0.6998577524893315
2024-09-25,186,514,3,31,7,0.6785206258890469
2024-09-26,471,231,1,55,11,0.7098150782361309
2024-09-27,476,220,7,52,0,0.7297297297297297
2024-09-30,423,276,4,64,3,0.7183499288762447
2024-10-01,228,472,2,57,4,0.7022792022792023
2024-10-02,314,382,6,45,6,0.6908831908831908
2024-10-03,192,507,3,32,9,0.6908831908831908
2024-10-04,511,189,2,63,3,0.6994301994301995
2024-10-07,173,524,5,29,7,0.6780626780626781
2024-10-08,403,295,4,38,5,0.6809116809116809
2024-10-09,492,205,5,69,7,0.7008547008547008
2024-10-10,243,455,4,26,4,0.6908831908831908
2024-10-11,587,113,2,95,2,0.7136752136752137
2024-10-14,505,197,0,115,6,0.7264957264957265
2024-10-15,338,362,2,69,6,0.7222222222222222
2024-10-16,502,197,2,113,4,0.7318116975748931
2024-10-17,328,367,6,89,5,0.7332382310984308
2024-10-18,412,284,5,96,8,0.7303851640513552
2024-10-21,135,562,4,20,6,0.7061340941512125
2024-10-22,259,438,4,21,10,0.6961483594864479
2024-10-23,231,463,7,23,12,0.6718972895863052
2024-10-24,354,343,4,37,8,0.6776034236804565
2024-10-25,239,456,6,17,7,0.6647646219686163
2024-10-28,496,204,1,32,2,0.6804564907275321
2024-10-29,252,448,1,28,14,0.6776034236804565
2024-10-30,343,354,4,36,14,0.6690442225392297
2024-10-31,188,508,5,21,21,0.6419400855920114
2024-11-01,348,348,5,16,16,0.644793152639087
2024-11-04,396,301,3,24,9,0.6485714285714286
2024-11-05,594,104,2,59,5,0.6728571428571428
2024-11-06,488,211,1,161,15,0.71
2024-11-07,359,339,2,96,12,0.7042857142857143
2024-11-08,411,288,1,122,17,0.7
2024-11-11,437,263,0,143,11,0.6985714285714286
2024-11-12,191,504,5,61,19,0.6814285714285714
2024-11-13,328,365,7,56,20,0.6771428571428572
2024-11-14,206,493,1,22,17,0.6685714285714286
2024-11-15,253,444,3,32,27,0.65
2024-11-18,417,281,2,44,16,0.6514285714285715
2024-11-19,293,404,2,37,18,0.642346208869814
2024-11-20,420,277,3,41,10,0.6514285714285715
2024-11-21,595,105,0,95,4,0.6671428571428571
2024-11-22,535,161,4,108,3,0.6785714285714286
2024-11-25,533,161,5,124,1,0.7110157367668097
2024-11-26,337,359,3,115,8,0.7010014306151645
2024-11-27,357,335,7,64,3,0.7067238912732475
2024-11-28,2,0,0,0,0,1.0
2024-11-29,406,290,3,51,2,0.7138769670958512
2024-12-02,290,405,4,43,5,0.7167381974248928
2024-12-03,223,470,6,27,3,0.6995708154506438
2024-12-04,337,360,2,61,11,0.6852646638054364
2024-12-05,239,456,4,42,10,0.6680972818311874
2024-12-06,291,404,4,44,16,0.6580829756795422
2024-12-09,325,371,3,18,1,0.6695278969957081
2024-12-10,232,464,3,16,7,0.6466380543633763
2024-12-11,358,337,4,33,8,0.6337625178826896
2024-12-12,240,456,3,16,15,0.630901287553648
2024-12-13,210,484,5,9,21,0.6151645207439199
2024-12-16,283,414,2,22,32,0.6080114449213162
2024-12-17,174,521,4,9,31,0.5908440629470673
2024-12-18,50,648,0,4,59,0.5300859598853869
2024-12-19,284,408,6,4,60,0.5157593123209169
2024-12-20,587,107,4,8,17,0.5386819484240688
2024-12-23,368,324,6,4,12,0.5372492836676218
2024-12-24,598,96,4,9,5,0.5458452722063037
2024-12-26,401,290,7,9,6,0.5487106017191977
2024-12-27,90,604,4,1,11,0.5458452722063037
2024-12-30,98,598,2,1,16,0.5272206303724928
2024-12-31,407,282,9,1,2,0.5286532951289399
2025-01-01,0,2,0,0,0,0.5
2025-01-02,276,418,4,5,23,0.5200573065902578
2025-01-03,526,168,4,7,11,0.5300859598853869
2025-01-06,360,334,4,11,15,0.5272206303724928
2025-01-07,289,405,4,7,17,0.5171919770773639
2025-01-08,370,324,4,10,23,0.5200573065902578
2025-01-09,0,2,0,0,0,0.5
2025-01-10,130,566,2,7,45,0.4885386819484241
2025-01-13,507,188,3,5,10,0.5171919770773639
2025-01-14,516,178,4,14,11,0.5415472779369628
2025-01-15,521,176,1,23,13,0.5501432664756447
2025-01-16,482,212,4,34,7,0.5702005730659025
2025-01-17,450,242,6,33,5,0.5744985673352435
2025-01-21,558,137,3,61,2,0.5902578796561605
2025-01-22,253,444,1,40,9,0.5873925501432665
2025-01-23,444,249,5,49,3,0.5916905444126075
2025-01-24,341,350,7,35,4,0.5931232091690545
2025-01-27,455,242,1,35,4,0.6346704871060171
2025-01-28,253,441,4,30,9,0.6045845272206304
2025-01-29,309,386,3,31,8,0.5902578796561605
2025-01-30,560,136,2,64,11,0.6117478510028653
2025-01-31,172,524,2,18,14,0.5959885386819485
2025-02-03,239,457,2,28,30,0.5916905444126075
2025-02-04,378,314,6,39,19,0.5816618911174785
2025-02-05,455,238,5,55,17,0.5902578796561605
2025-02-06,331,363,4,57,23,0.5773638968481375
2025-02-07,193,502,3,23,33,0.5659025787965616
2025-02-10,393,303,2,34,18,0.5773638968481375
2025-02-11,347,349,2,29,16,0.5702005730659025
2025-02-12,219,477,2,32,33,0.5544412607449857
2025-02-13,524,172,2,57,11,0.5708154506437768
2025-02-14,308,389,2,43,16,0.5650929899856938
2025-02-18,488,207,4,50,12,0.5736766809728183
2025-02-19,366,330,3,46,17,0.5822603719599427
2025-02-20,299,396,4,17,8,0.5722460658082976
2025-02-21,160,533,6,12,18,0.5579399141630901
2025-02-24,365,331,3,23,16,0.5579399141630901
2025-02-25,388,307,4,34,17,0.5608011444921316
2025-02-26,293,400,6,12,10,0.5522174535050072
2025-02-27,245,452,2,16,38,0.5264663805436338
2025-02-28,573,122,4,48,16,0.547925608011445
2025-03-03,209,484,6,49,66,0.5293276108726752
2025-03-04,140,558,1,4,62,0.46924177396280403
2025-03-05,515,183,1,8,20,0.48354792560801146
2025-03-06,231,465,3,4,27,0.4520743919885551
2025-03-07,458,237,4,14,15,0.47353361945636624
2025-03-10,202,493,4,19,41,0.4248927038626609
2025-03-11,208,487,4,2,34,0.3748211731044349
2025-03-12,269,425,5,2,38,0.37052932761087265
2025-03-13,161,536,2,4,82,0.33476394849785407
2025-03-14,617,81,1,6,6,0.3834048640915594
2025-03-17,605,91,3,12,1,0.4248927038626609
2025-03-18,227,470,2,10,7,0.40486409155937053
2025-03-19,514,178,7,11,3,0.4206008583690987
2025-03-20,237,454,8,15,10,0.40915593705293274
2025-03-21,224,468,7,2,11,0.4034334763948498
2025-03-24,569,126,4,9,7,0.43776824034334766
2025-03-25,286,409,4,15,13,0.43776824034334766
2025-03-26,347,348,3,12,11,0.4340974212034384
2025-03-27,291,402,5,19,12,0.4140401146131805
2025-03-28,129,569,0,10,49,0.38108882521489973
2025-03-31,492,201,5,28,37,0.40257879656160456
2025-04-01,419,275,4,20,35,0.3982808022922636
2025-04-02,545,148,5,27,4,0.42550143266475643
2025-04-03,124,573,1,38,158,0.3438395415472779
2025-04-04,54,644,0,20,211,0.2134670487106017
2025-04-07,239,457,2,26,157,0.19484240687679083
2025-04-08,111,585,2,25,248,0.18481375358166188
2025-04-09,672,25,1,12,0,0.2979942693409742
2025-04-10,105,591,2,13,23,0.24785100286532952
2025-04-11,579,115,4,13,6,0.27650429799426934
2025-04-14,563,134,1,10,3,0.2922636103151863
2025-04-15,282,412,4,1,9,0.2922636103151863
2025-04-16,121,573,4,5,20,0.2722063037249284
2025-04-17,523,171,3,5,6,0.29411764705882354
2025-04-21,91,606,0,6,27,0.2467718794835007
2025-04-22,654,43,0,9,0,0.2898134863701578
2025-04-23,501,191,5,11,1,0.29411764705882354
2025-04-24,551,144,2,9,6,0.31850789096126253
2025-04-25,294,398,5,6,7,0.321377331420373
2025-04-28,452,241,4,7,4,0.3242467718794835
2025-04-29,495,200,2,13,3,0.3357245337159254
2025-04-30,401,291,5,24,3,0.34146341463414637
2025-05-01,337,357,3,15,10,0.34433285509325684
2025-05-02,624,72,1,24,7,0.3902439024390244
2025-05-05,252,439,6,14,15,0.3802008608321377
2025-05-06,220,473,4,20,17,0.35581061692969873
2025-05-07,474,216,7,28,14,0.38450502152080346
2025-05-08,495,196,6,23,4,0.4117647058823529
2025-05-09,326,365,6,18,15,0.4117647058823529
2025-05-12,576,118,3,30,1,0.4806312769010043
2025-05-13,354,338,5,25,10,0.4734576757532281
2025-05-14,218,474,5,16,17,0.460545193687231
2025-05-15,462,233,2,27,8,0.4964131994261119
2025-05-16,560,135,2,38,3,0.5121951219512195
2025-05-19,315,375,6,34,2,0.5086206896551724
2025-05-20,245,446,5,17,2,0.4985632183908046
2025-05-21,37,656,2,4,12,0.4546762589928058
2025-05-22,280,404,11,3,12,0.441726618705036
2025-05-23,241,447,7,10,14,0.4302158273381295
2025-05-27,626,68,1,33,1,0.46906474820143884
2025-05-28,138,552,5,12,2,0.43884892086330934
2025-05-29,462,226,7,8,2,0.4460431654676259
2025-05-30,315,377,3,19,3,0.4503597122302158
2025-06-02,310,380,5,37,10,0.441726618705036
2025-06-03,498,196,1,23,3,0.4489208633093525
2025-06-04,272,417,6,23,3,0.44028776978417267
2025-06-05,268,421,6,13,8,0.42158273381294964
2025-06-06,562,128,5,28,2,0.441726618705036
2025-06-09,376,311,8,15,3,0.4489208633093525
2025-06-10,446,244,5,13,4,0.4676258992805755
2025-06-11,245,445,5,15,4,0.4633093525179856
2025-06-12,378,312,5,14,3,0.4633093525179856
2025-06-13,115,578,2,11,15,0.43453237410071943
2025-06-16,509,185,1,25,7,0.4474820143884892
2025-06-17,136,557,2,15,20,0.4287769784172662
2025-06-18,336,351,8,13,15,0.4287769784172662
2025-06-20,378,310,7,12,8,0.42589928057553955
2025-06-23,510,181,3,20,6,0.4510086455331412
2025-06-24,508,180,6,36,2,0.46253602305475505
2025-06-25,186,507,1,21,9,0.430835734870317
2025-06-26,516,174,4,42,6,0.4553314121037464
2025-06-27,451,237,6,40,6,0.4668587896253602
2025-06-30,444,245,5,56,5,0.484149855907781
2025-07-01,524,167,3,32,0,0.5331412103746398
2025-07-02,423,262,9,43,4,0.5389048991354467
2025-07-03,459,225,9,58,3,0.5584415584415584
2025-07-07,142,547,4,20,4,0.5295815295815296
2025-07-08,374,314,5,10,2,0.5339105339105339
2025-07-09,402,287,4,23,6,0.5468975468975469
2025-07-10,484,204,5,37,7,0.56998556998557
2025-07-11,162,526,5,15,11,0.5483405483405484
2025-07-14,383,306,4,30,12,0.5396825396825397
2025-07-15,74,615,4,13,23,0.5036075036075036
2025-07-16,458,229,5,21,2,0.5115606936416185
2025-07-17,501,185,6,49,8,0.5375722543352601
2025-07-18,330,356,5,26,10,0.5383502170767004
2025-07-21,270,417,3,23,16,0.527536231884058
2025-07-22,545,143,2,35,4,0.5739130434782609
2025-07-23,482,208,0,60,4,0.5840579710144927
2025-07-24,265,423,2,46,13,0.5681159420289855
2025-07-25,446,236,8,66,5,0.5782608695652174
2025-07-28,222,465,3,31,13,0.5594202898550724
2025-07-29,308,376,6,25,20,0.5579710144927537
2025-07-30,219,469,2,38,25,0.5376811594202898
2025-07-31,202,482,6,30,38,0.5159420289855072
2025-08-01,192,495,3,13,32,0.4956521739130435
2025-08-04,560,124,6,48,17,0.5173913043478261
2025-08-05,311,373,6,14,14,0.5115942028985507
2025-08-06,334,351,5,22,18,0.4985507246376812
2025-08-07,326,354,10,19,15,0.5028985507246376
2025-08-08,379,303,8,27,23,0.5101449275362319
2025-08-11,248,433,9,17,27,0.5043478260869565
2025-08-12,553,132,5,50,7,0.5304347826086957
2025-08-13,565,121,4,62,4,0.5797101449275363
2025-08-14,195,491,4,22,2,0.5507246376811594
2025-08-15,275,408,7,9,1,0.5521739130434783
2025-08-18,321,362,7,8,6,0.553623188405797
2025-08-19,449,237,4,25,0,0.5681159420289855
2025-08-20,338,347,5,22,0,0.572463768115942
2025-08-21,254,435,1,11,1,0.5681159420289855
2025-08-22,585,102,3,51,1,0.6246376811594203
2025-08-25,173,511,6,27,0,0.5985507246376811
2025-08-26,360,325,4,39,5,0.6008708272859217
2025-08-27,463,221,5,39,4,0.6081277213352685
2025-08-28,301,381,7,38,7,0.602322206095791
2025-08-29,371,313,4,21,3,0.6061046511627907
2025-09-02,191,489,6,15,8,0.5845481049562682
2025-09-03,312,369,4,19,6,0.583941605839416
2025-09-04,503,178,4,47,5,0.6
2025-09-05,378,306,1,31,6,0.602919708029197
2025-09-08,333,345,6,36,7,0.5994152046783626
2025-09-09,265,413,6,29,5,0.5847953216374269
2025-09-10,288,391,5,26,12,0.5745614035087719
2025-09-11,578,103,3,64,2,0.6242690058479532
2025-09-12,155,525,4,22,9,0.6023391812865497
2025-09-15,284,395,5,37,21,0.5847953216374269
2025-09-16,271,404,9,24,17,0.5950292397660819
2025-09-17,370,310,4,26,14,0.5877192982456141
2025-09-18,463,217,4,58,14,0.5891812865497076
2025-09-19,258,423,3,42,24,0.5818713450292398
2025-09-22,336,342,6,45,21,0.5862573099415205
2025-09-23,369,310,5,35,18,0.5906432748538012
2025-09-24,292,387,5,22,12,0.5935672514619883
2025-09-25,174,507,3,15,34,0.5657894736842105
2025-09-26,556,123,4,44,6,0.595900439238653
2025-09-29,393,287,3,53,6,0.5988286969253295
2025-09-30,392,286,5,52,3,0.6076134699853587
2025-10-01,324,354,5,40,14,0.6178623718887262
2025-10-02,368,309,6,44,16,0.6090775988286969
2025-10-03,425,252,6,43,5,0.616398243045388
2025-10-06,316,366,1,60,20,0.6207906295754027
2025-10-07,259,421,3,30,11,0.6061493411420205
2025-10-08,370,308,5,45,10,0.6002928257686676
2025-10-09,170,510,3,15,25,0.5885797950219619
2025-10-10,113,569,1,7,44,0.5226939970717424
2025-10-13,500,178,5,11,14,0.5592972181551976
2025-10-14,515,165,3,30,4,0.5944363103953147
2025-10-15,345,330,8,43,9,0.5929721815519766
2025-10-16,190,489,4,12,28,0.5592972181551976
2025-10-17,453,226,4,13,8,0.5651537335285505
2025-10-20,540,134,9,35,9,0.5921052631578947
2025-10-21,410,271,3,18,0,0.6081871345029239
2025-10-22,268,407,8,14,3,0.5988286969253295
2025-10-23,404,277,2,26,6,0.616398243045388
2025-10-24,357,319,7,44,8,0.6002928257686676
2025-10-27,426,251,6,57,7,0.6111111111111112
2025-10-28,173,509,2,29,22,0.5862573099415205
2025-10-29,171,510,3,45,61,0.5350877192982456
2025-10-30,294,385,5,26,38,0.5277777777777778
2025-10-31,363,316,5,20,25,0.5277777777777778
2025-11-03,264,416,5,26,45,0.5182481751824818
2025-11-04,279,403,2,13,31,0.5160818713450293
2025-11-05,435,242,7,34,20,0.52046783625731
2025-11-06,228,455,1,27,39,0.5073099415204678
2025-11-07,511,168,5,26,10,0.5380116959064327
2025-11-10,414,267,3,43,19,0.5350877192982456
2025-11-11,438,242,4,40,8,0.5482456140350878
2025-11-12,392,287,5,40,7,0.5584795321637427
2025-11-13,187,494,3,15,18,0.5511695906432749
2025-11-14,250,426,8,14,24,0.5380116959064327
2025-11-17,137,545,2,9,45,0.5029239766081871
2025-11-18,363,318,3,18,32,0.5087719298245614
2025-11-19,273,405,6,12,47,0.5
2025-11-20,197,485,2,7,50,0.4766081871345029
2025-11-21,594,88,2,26,2,0.5292397660818714
2025-11-24,367,310,7,28,9,0.52046783625731
2025-11-25,566,112,6,50,0,0.5526315789473685
2025-11-26,478,204,2,45,1,0.5584795321637427
2025-11-28,489,187,7,39,1,0.5783308931185944
2025-12-01,219,459,5,22,3,0.5578330893118595
2025-12-02,288,393,2,17,4,0.5519765739385066
2025-12-03,461,218,3,40,3,0.5689149560117303
2025-12-04,310,364,8,34,11,0.5718475073313783
2025-12-05,335,344,3,39,14,0.5791788856304986
2025-12-08,218,461,3,21,15,0.5454545454545454
2025-12-09,324,355,2,28,11,0.5506607929515418
2025-12-10,525,155,1,68,7,0.5726872246696035
2025-12-11,474,200,7,81,5,0.5976505139500734
2025-12-12,282,393,5,21,4,0.5955882352941176
2025-12-15,347,327,6,32,5,0.5941176470588235
2025-12-16,196,478,6,9,7,0.5808823529411765
2025-12-17,341,336,3,14,1,0.5838235294117647
2025-12-18,358,319,3,21,4,0.5794117647058824
2025-12-19,376,301,3,37,10,0.5661764705882353
2025-12-22,497,181,2,62,7,0.5779411764705882
2025-12-23,278,400,2,28,12,0.5779411764705882
2025-12-24,504,167,9,46,7,0.5838235294117647
2025-12-26,356,308,16,33,3,0.5764705882352941
2025-12-29,268,400,12,6,3,0.5852941176470589
2025-12-30,261,414,5,3,3,0.5823529411764706
2025-12-31,48,627,5,0,6,0.5617647058823529
2026-01-02,446,228,6,22,14,0.5632352941176471
2026-01-05,477,200,3,74,6,0.5764705882352941
2026-01-06,500,179,1,94,9,0.6058823529411764
2026-01-07,166,512,2,16,23,0.5720588235294117
2026-01-08,480,198,2,49,8,0.6073529411764705
2026-01-09,364,307,9,53,11,0.6205882352941177
2026-01-12,326,351,3,46,6,0.625
2026-01-13,363,316,1,51,11,0.6235294117647059
2026-01-14,414,260,5,51,11,0.6450662739322534
2026-01-15,422,252,5,64,11,0.6524300441826215
2026-01-16,289,388,2,38,19,0.6397058823529411
2026-01-20,152,524,4,15,27,0.6176470588235294
2026-01-21,563,117,0,70,11,0.6426470588235295
2026-01-22,385,290,5,50,3,0.6397058823529411
2026-01-23,237,440,3,23,5,0.6308823529411764
2026-01-26,404,273,3,26,7,0.6352941176470588
2026-01-27,327,348,5,56,17,0.6352941176470588
2026-01-28,244,432,4,37,24,0.6264705882352941
2026-01-29,388,283,10,60,23,0.6240822320117474
2026-01-30,329,347,5,22,11,0.6255506607929515
2026-02-02,407,270,3,59,19,0.6132352941176471
2026-02-03,374,301,5,89,36,0.6235294117647059
2026-02-04,503,174,3,103,7,0.6602941176470588
2026-02-05,234,441,4,46,24,0.646539027982327
2026-02-06,547,131,1,122,12,0.6656848306332842
2026-02-09,349,326,4,76,18,0.6686303387334315
2026-02-10,395,279,5,66,15,0.6715758468335787
2026-02-11,369,308,2,108,32,0.6656848306332842
2026-02-12,219,459,1,49,34,0.6362297496318114
2026-02-13,489,188,2,71,13,0.6362297496318114
2026-02-17,320,357,2,42,13,0.6244477172312224
2026-02-18,428,248,3,39,4,0.6480117820324006
2026-02-19,285,386,8,42,15,0.6332842415316642
2026-02-20,433,243,3,67,10,0.6450662739322534
2026-02-23,224,451,4,45,35,0.6215022091310751
2026-02-24,467,205,7,71,17,0.625920471281296
2026-02-25,341,336,2,41,8,0.6156111929307806
2026-02-26,458,215,6,41,3,0.6391752577319587
2026-02-27,350,327,2,70,11,0.6450662739322534
2026-03-02,301,349,5,65,9,0.6274809160305344
2026-03-03,180,474,1,21,11,0.5923664122137404
2026-03-04,373,277,5,29,5,0.5954198473282443
2026-03-05,185,467,3,13,6,0.5694656488549619
2026-03-06,166,487,2,10,18,0.5374045801526718
2026-03-09,345,310,0,8,15,0.5404580152671755
2026-03-10,193,461,1,1,20,0.5236641221374045
2026-03-11,228,424,3,13,28,0.5022900763358779
2026-03-12,144,509,2,17,50,0.47480916030534354
2026-03-13,315,328,6,17,27,0.46533127889060094
2026-03-16,458,193,1,24,18,0.4815950920245399
2026-03-17,1,0,0,0,0,1.0
2026-03-18,0,1,0,0,0,1.0
